gene,pvalue
JAG2,0.0123056059074549
FZD1,0.0114003069939063
AXIN1,0.000438109389885866
JAG1,0.0462293820937247
KAT2A,5.40922878764505e-05
NCSTN,0.000248455364210698
RBPJ,0.0136543054373242
